<?xml version="1.0" encoding="UTF-8" standalone="yes"?>
<addon id="plugin.video.DramaCool" version="2.1.5" name="DramaCool" provider-name="XPtsp">
	<requires>
		<import addon="script.module.simplejson" />
		<import addon="script.module.beautifulsoup" />
		<import addon="script.module.urlresolver" />
		<import addon="script.module.t0mm0.common" />
	</requires>
	<extension point="xbmc.python.pluginsource" library="default.py">
		<provides>video</provides>
	</extension>
	<extension point="xbmc.addon.metadata">
		<summary>DramaCool</summary>
		<description>Watch Asian Drama, Movies and Shows with English Sub in Full HD!</description>
		<platform>all</platform>
	</extension>
</addon>
