<?xml version="1.0" encoding="UTF-8" standalone="yes"?>
<addon id="service.ncid.call.notifications" name="Call Notifications" version="1.0"
       provider-name="mablae">
    <requires>
        <import addon="xbmc.python" version="2.1.0"/>
        <import addon="script.module.twisted"/>
        <import addon="script.module.t0mm0.common"/>
        <import addon="script.module.zope.interface"/>
    </requires>
    <extension point="xbmc.service" library="service.py" start="bootServices">
    </extension>
    <extension point="xbmc.python.module" library="resources/lib"/>
    <extension point="xbmc.addon.metadata">
        <summary lang="en">Show incoming phonecalls in Kodi</summary>
        <description lang="en">Works with Ncid to show incoming phonecalls in Kodi</description>
        <disclaimer>This addon makes no warranties, expressed or implied, and
            hereby disclaims and negates all other warranties, including without
            limitation, implied warranties or conditions of merchantability,
            fitness for a particular purpose, or non-infringement of intellectual
            property or other violation of rights.
        </disclaimer>
        <license>MIT</license>
        <platform>all</platform>
        <source>https://github.com/xptsp/service.ncid.call.notifications</source>
    </extension>
</addon>
