<?xml version="1.0" encoding="UTF-8" standalone="yes"?>
<addon id="repository.xptsp" name="XPtsp Addon Repository" version="2.0" provider-name="xptsp">
    <extension point="xbmc.addon.repository" name="Example Repository">
        <dir>
            <info compressed="false">https://raw.githubusercontent.com/xptsp/repository.xptsp/master/zips/addons.xml</info>
            <checksum>https://raw.githubusercontent.com/xptsp/repository.xptsp/master/zips/addons.xml.md5</checksum>
            <datadir zip="true">https://raw.githubusercontent.com/xptsp/repository.xptsp/master/zips/</datadir>
        </dir>
    </extension>
    <extension point="xbmc.addon.metadata">
        <summary>Addon Repository by XPtsp Development Team</summary>
        <description></description>
        <disclaimer></disclaimer>
        <platform>all</platform>
        <assets>
            <icon>icon.png</icon>
            <fanart>fanart.jpg</fanart>
        </assets>
    </extension>
</addon>
