<?xml version="1.0" encoding="UTF-8" standalone="yes"?>
<addon id="service.nuc.recording.led" name="Recording Status via NUC LED" version="1.0" provider-name="xptsp">
	<requires>
		<import addon="xbmc.python" version="2.1.0"/>
		<import addon="xbmc.json" version="6.32.4"/>
	</requires>
	<extension point="xbmc.service" library="service.py" start="login">
	</extension>
	<extension point="xbmc.addon.metadata">
		<summary lang="en">Recording Status via NUC LED</summary>
		<description lang="en">Control Intel NUC front LEDs to show recording status</description>
		<disclaimer>This addon makes no warranties, expressed or implied, and
			hereby disclaims and negates all other warranties, including without
			limitation, implied warranties or conditions of merchantability,
			fitness for a particular purpose, or non-infringement of intellectual
			property or other violation of rights.
		</disclaimer>
		<license>MIT</license>
		<platform>all</platform>
		<source>https://github.com/xptsp/service.recording-led</source>
	</extension>
</addon>
