<?xml version="1.0" encoding="UTF-8" standalone="yes"?>
<addon id="program.launcher.chrome" name="Chrome" version="1.0" provider-name="XPtsp">
	<requires>
		<import addon="xbmc.python" version="2.25.0"/>
	</requires>
	<extension point="xbmc.python.script" library="addon.py">
		<provides>executable</provides>
	</extension>
	<extension point="xbmc.addon.metadata">
		<platform>linux windx</platform>
		<summary lang="en">Kodi Launches Google Chrome</summary>
		<summary lang="es">Kodi Inicia Google Chrome</summary>
		<summary lang="fr">Raccourci Google Chrome pour Kodi</summary>
		<description lang="en">Addon for Kodi to launch Google Chrome.[CR]A fast, secure, and free web browser built for the modern web. Chrome syncs bookmarks across all your devices, fills out forms automatically, and so much more. </description>
		<license>GNU GENERAL PUBLIC LICENSE. Version 3, 29 June 2007</license>
		<language>en</language>
		<source>https://github.com/xptsp/program.launcher.chrome/</source>
		<assets>
			<icon>icon.png</icon>
			<fanart>fanart.jpg</fanart>
			<screenshot>fanart.jpg</screenshot>
		</assets>
	</extension>
</addon>
